{
  "type": "minecraft:random_patch",
  "config": {
    "feature": {
      "feature": {
        "type": "minecraft:simple_block",
        "config": {
          "schedule_tick": true,
          "to_place": {
            "type": "minecraft:weighted_state_provider",
            "entries": [
              {
                "data": {
                  "Name": "minecraft:short_dry_grass"
                },
                "weight": 20
              },
              {
                "data": {
                  "Name": "minecraft:tall_dry_grass"
                },
                "weight": 5
              },
              {
                "data": {
                  "Name": "minecraft:dead_bush"
                },
                "weight": 1
              }
            ]
          }
        }
      },
      "placement": [
        {
          "type": "minecraft:block_predicate_filter",
          "predicate": {
            "type": "minecraft:all_of",
            "predicates": [
              {
                "type": "minecraft:would_survive",
                "state": {
                  "Name": "minecraft:short_dry_grass"
                }
              },
              {
                "type": "minecraft:matching_blocks",
                "blocks": "minecraft:air"
              }
            ]
          }
        }
      ]
    },
    "tries": 40,
    "xz_spread": 4,
    "y_spread": 6
  }
}