{
  "type": "minecraft:random_boolean_selector",
  "config": {
    "feature_false": {
      "feature": {
        "type": "minecraft:random_boolean_selector",
        "config": {
          "feature_false": {
            "feature": {
              "type": "minecraft:block_column",
              "config": {
                "allowed_placement": {
                  "type": "minecraft:matching_blocks",
                  "blocks": [
                    "minecraft:air",
                    "minecraft:water"
                  ]
                },
                "direction": "up",
                "layers": [
                  {
                    "height": {
                      "type": "minecraft:biased_to_bottom",
                      "max_inclusive": 8,
                      "min_inclusive": 1
                    },
                    "provider": {
                      "type": "minecraft:simple_state_provider",
                      "state": {
                        "Name": "minecraft:big_dripleaf_stem",
                        "Properties": {
                          "facing": "west",
                          "waterlogged": "false"
                        }
                      }
                    }
                  },
                  {
                    "height": 1,
                    "provider": {
                      "type": "minecraft:simple_state_provider",
                      "state": {
                        "Name": "minecraft:big_dripleaf",
                        "Properties": {
                          "facing": "west",
                          "tilt": "none",
                          "waterlogged": "false"
                        }
                      }
                    }
                  }
                ],
                "prioritize_tip": true
              }
            },
            "placement": []
          },
          "feature_true": {
            "feature": {
              "type": "minecraft:block_column",
              "config": {
                "allowed_placement": {
                  "type": "minecraft:matching_blocks",
                  "blocks": [
                    "minecraft:air",
                    "minecraft:water"
                  ]
                },
                "direction": "up",
                "layers": [
                  {
                    "height": {
                      "type": "minecraft:biased_to_bottom",
                      "max_inclusive": 8,
                      "min_inclusive": 1
                    },
                    "provider": {
                      "type": "minecraft:simple_state_provider",
                      "state": {
                        "Name": "minecraft:big_dripleaf_stem",
                        "Properties": {
                          "facing": "east",
                          "waterlogged": "false"
                        }
                      }
                    }
                  },
                  {
                    "height": 1,
                    "provider": {
                      "type": "minecraft:simple_state_provider",
                      "state": {
                        "Name": "minecraft:big_dripleaf",
                        "Properties": {
                          "facing": "east",
                          "tilt": "none",
                          "waterlogged": "false"
                        }
                      }
                    }
                  }
                ],
                "prioritize_tip": true
              }
            },
            "placement": []
          }
        }
      },
      "placement": []
    },
    "feature_true": {
      "feature": {
        "type": "minecraft:random_boolean_selector",
        "config": {
          "feature_false": {
            "feature": {
              "type": "minecraft:block_column",
              "config": {
                "allowed_placement": {
                  "type": "minecraft:matching_blocks",
                  "blocks": [
                    "minecraft:air",
                    "minecraft:water"
                  ]
                },
                "direction": "up",
                "layers": [
                  {
                    "height": {
                      "type": "minecraft:biased_to_bottom",
                      "max_inclusive": 8,
                      "min_inclusive": 1
                    },
                    "provider": {
                      "type": "minecraft:simple_state_provider",
                      "state": {
                        "Name": "minecraft:big_dripleaf_stem",
                        "Properties": {
                          "facing": "south",
                          "waterlogged": "false"
                        }
                      }
                    }
                  },
                  {
                    "height": 1,
                    "provider": {
                      "type": "minecraft:simple_state_provider",
                      "state": {
                        "Name": "minecraft:big_dripleaf",
                        "Properties": {
                          "facing": "south",
                          "tilt": "none",
                          "waterlogged": "false"
                        }
                      }
                    }
                  }
                ],
                "prioritize_tip": true
              }
            },
            "placement": []
          },
          "feature_true": {
            "feature": {
              "type": "minecraft:block_column",
              "config": {
                "allowed_placement": {
                  "type": "minecraft:matching_blocks",
                  "blocks": [
                    "minecraft:air",
                    "minecraft:water"
                  ]
                },
                "direction": "up",
                "layers": [
                  {
                    "height": {
                      "type": "minecraft:biased_to_bottom",
                      "max_inclusive": 8,
                      "min_inclusive": 1
                    },
                    "provider": {
                      "type": "minecraft:simple_state_provider",
                      "state": {
                        "Name": "minecraft:big_dripleaf_stem",
                        "Properties": {
                          "facing": "north",
                          "waterlogged": "false"
                        }
                      }
                    }
                  },
                  {
                    "height": 1,
                    "provider": {
                      "type": "minecraft:simple_state_provider",
                      "state": {
                        "Name": "minecraft:big_dripleaf",
                        "Properties": {
                          "facing": "north",
                          "tilt": "none",
                          "waterlogged": "false"
                        }
                      }
                    }
                  }
                ],
                "prioritize_tip": true
              }
            },
            "placement": []
          }
        }
      },
      "placement": []
    }
  }
}