{
  "type": "minecraft:random_patch",
  "config": {
    "feature": {
      "feature": {
        "type": "minecraft:simple_block",
        "config": {
          "schedule_tick": true,
          "to_place": {
            "type": "minecraft:weighted_state_provider",
            "entries": [
              {
                "data": {
                  "Name": "minecraft:small_amethyst_bud",
                  "Properties": {
                    "facing": "down",
                    "waterlogged": "false"
                  }
                },
                "weight": 5
              },
              {
                "data": {
                  "Name": "minecraft:medium_amethyst_bud",
                  "Properties": {
                    "facing": "down",
                    "waterlogged": "false"
                  }
                },
                "weight": 4
              },
              {
                "data": {
                  "Name": "minecraft:large_amethyst_bud",
                  "Properties": {
                    "facing": "down",
                    "waterlogged": "false"
                  }
                },
                "weight": 3
              },
              {
                "data": {
                  "Name": "minecraft:amethyst_cluster",
                  "Properties": {
                    "facing": "down",
                    "waterlogged": "false"
                  }
                },
                "weight": 2
              }
            ]
          }
        }
      },
      "placement": [
        {
          "type": "minecraft:block_predicate_filter",
          "predicate": {
            "type": "minecraft:all_of",
            "predicates": [
              {
                "type": "minecraft:would_survive",
                "state": {
                  "Name": "minecraft:amethyst_cluster",
                  "Properties": {
                    "facing": "down",
                    "waterlogged": "false"
                  }
                }
              },
              {
                "type": "minecraft:matching_blocks",
                "blocks": "minecraft:air"
              },
              {
                "type": "minecraft:matching_block_tag",
                "offset": [
                  0,
                  1,
                  0
                ],
                "tag": "cavernouslite:amethyst"
              }
            ]
          }
        }
      ]
    },
    "tries": 50,
    "xz_spread": 8,
    "y_spread": 3
  }
}