{
  "type": "minecraft:vegetation_patch",
  "config": {
    "depth": 1,
    "extra_bottom_block_chance": 0.0,
    "extra_edge_column_chance": 0.75,
    "ground_state": {
      "type": "minecraft:simple_state_provider",
      "state": {
        "Name": "minecraft:coarse_dirt"
      }
    },
    "replaceable": "#cavernouslite:moss_block",
    "surface": "floor",
    "vegetation_chance": 0.0,
    "vegetation_feature": {
      "feature": {
        "type": "minecraft:no_op",
        "config": {}
      },
      "placement": []
    },
    "vertical_range": 6,
    "xz_radius": {
      "type": "minecraft:uniform",
      "max_inclusive": 3,
      "min_inclusive": 2
    }
  }
}