{
  "type": "minecraft:random_patch",
  "config": {
    "feature": {
      "feature": {
        "type": "minecraft:simple_block",
        "config": {
          "to_place": {
            "type": "minecraft:simple_state_provider",
            "state": {
              "Name": "minecraft:brown_mushroom_block",
              "Properties": {
                "down": "true",
                "east": "true",
                "north": "true",
                "south": "true",
                "up": "true",
                "west": "true"
              }
            }
          }
        }
      },
      "placement": [
        {
          "type": "minecraft:block_predicate_filter",
          "predicate": {
            "type": "minecraft:all_of",
            "predicates": [
              {
                "type": "minecraft:matching_blocks",
                "blocks": "minecraft:air"
              },
              {
                "type": "minecraft:any_of",
                "predicates": [
                  {
                    "type": "minecraft:matching_blocks",
                    "blocks": "minecraft:red_concrete",
                    "offset": [
                      -1,
                      0,
                      2
                    ]
                  },
                  {
                    "type": "minecraft:matching_blocks",
                    "blocks": "minecraft:red_concrete",
                    "offset": [
                      0,
                      0,
                      2
                    ]
                  },
                  {
                    "type": "minecraft:matching_blocks",
                    "blocks": "minecraft:red_concrete",
                    "offset": [
                      1,
                      0,
                      2
                    ]
                  },
                  {
                    "type": "minecraft:matching_blocks",
                    "blocks": "minecraft:red_concrete",
                    "offset": [
                      -2,
                      0,
                      1
                    ]
                  },
                  {
                    "type": "minecraft:matching_blocks",
                    "blocks": "minecraft:red_concrete",
                    "offset": [
                      -1,
                      0,
                      1
                    ]
                  },
                  {
                    "type": "minecraft:matching_blocks",
                    "blocks": "minecraft:red_concrete",
                    "offset": [
                      0,
                      0,
                      1
                    ]
                  },
                  {
                    "type": "minecraft:matching_blocks",
                    "blocks": "minecraft:red_concrete",
                    "offset": [
                      1,
                      0,
                      1
                    ]
                  },
                  {
                    "type": "minecraft:matching_blocks",
                    "blocks": "minecraft:red_concrete",
                    "offset": [
                      2,
                      0,
                      1
                    ]
                  },
                  {
                    "type": "minecraft:matching_blocks",
                    "blocks": "minecraft:red_concrete",
                    "offset": [
                      -2,
                      0,
                      0
                    ]
                  },
                  {
                    "type": "minecraft:matching_blocks",
                    "blocks": "minecraft:red_concrete",
                    "offset": [
                      -1,
                      0,
                      0
                    ]
                  },
                  {
                    "type": "minecraft:matching_blocks",
                    "blocks": "minecraft:red_concrete",
                    "offset": [
                      1,
                      0,
                      0
                    ]
                  },
                  {
                    "type": "minecraft:matching_blocks",
                    "blocks": "minecraft:red_concrete",
                    "offset": [
                      2,
                      0,
                      0
                    ]
                  },
                  {
                    "type": "minecraft:matching_blocks",
                    "blocks": "minecraft:red_concrete",
                    "offset": [
                      -2,
                      0,
                      -1
                    ]
                  },
                  {
                    "type": "minecraft:matching_blocks",
                    "blocks": "minecraft:red_concrete",
                    "offset": [
                      -1,
                      0,
                      -1
                    ]
                  },
                  {
                    "type": "minecraft:matching_blocks",
                    "blocks": "minecraft:red_concrete",
                    "offset": [
                      0,
                      0,
                      -1
                    ]
                  },
                  {
                    "type": "minecraft:matching_blocks",
                    "blocks": "minecraft:red_concrete",
                    "offset": [
                      1,
                      0,
                      -1
                    ]
                  },
                  {
                    "type": "minecraft:matching_blocks",
                    "blocks": "minecraft:red_concrete",
                    "offset": [
                      2,
                      0,
                      -1
                    ]
                  },
                  {
                    "type": "minecraft:matching_blocks",
                    "blocks": "minecraft:red_concrete",
                    "offset": [
                      -1,
                      0,
                      -2
                    ]
                  },
                  {
                    "type": "minecraft:matching_blocks",
                    "blocks": "minecraft:red_concrete",
                    "offset": [
                      0,
                      0,
                      -2
                    ]
                  },
                  {
                    "type": "minecraft:matching_blocks",
                    "blocks": "minecraft:red_concrete",
                    "offset": [
                      1,
                      0,
                      -2
                    ]
                  }
                ]
              }
            ]
          }
        }
      ]
    },
    "tries": 200,
    "xz_spread": 2,
    "y_spread": 1
  }
}