{
  "type": "minecraft:block_column",
  "config": {
    "allowed_placement": {
      "type": "minecraft:all_of",
      "predicates": [
        {
          "type": "minecraft:matching_blocks",
          "blocks": "minecraft:air"
        },
        {
          "type": "minecraft:matching_blocks",
          "blocks": "minecraft:air",
          "offset": [
            -1,
            -2,
            -1
          ]
        },
        {
          "type": "minecraft:matching_blocks",
          "blocks": "minecraft:air",
          "offset": [
            -1,
            -2,
            1
          ]
        },
        {
          "type": "minecraft:matching_blocks",
          "blocks": "minecraft:air",
          "offset": [
            1,
            -2,
            1
          ]
        },
        {
          "type": "minecraft:matching_blocks",
          "blocks": "minecraft:air",
          "offset": [
            1,
            -2,
            -1
          ]
        }
      ]
    },
    "direction": "down",
    "layers": [
      {
        "height": {
          "type": "minecraft:uniform",
          "max_inclusive": 10,
          "min_inclusive": 4
        },
        "provider": {
          "type": "minecraft:simple_state_provider",
          "state": {
            "Name": "minecraft:mushroom_stem",
            "Properties": {
              "down": "true",
              "east": "true",
              "north": "true",
              "south": "true",
              "up": "true",
              "west": "true"
            }
          }
        }
      },
      {
        "height": 1,
        "provider": {
          "type": "minecraft:simple_state_provider",
          "state": {
            "Name": "minecraft:red_concrete"
          }
        }
      }
    ],
    "prioritize_tip": true
  }
}