{
  "type": "minecraft:tree",
  "config": {
    "decorators": [
      {
        "type": "minecraft:attached_to_leaves",
        "block_provider": {
          "type": "minecraft:simple_state_provider",
          "state": {
            "Name": "minecraft:moss_carpet"
          }
        },
        "directions": [
          "up"
        ],
        "exclusion_radius_xz": 0,
        "exclusion_radius_y": 0,
        "probability": 1.0,
        "required_empty_blocks": 1
      },
      {
        "type": "minecraft:leave_vine",
        "probability": 0.25
      }
    ],
    "dirt_provider": {
      "type": "minecraft:simple_state_provider",
      "state": {
        "Name": "minecraft:dirt"
      }
    },
    "foliage_placer": {
      "type": "minecraft:acacia_foliage_placer",
      "offset": 0,
      "radius": 2
    },
    "foliage_provider": {
      "type": "minecraft:simple_state_provider",
      "state": {
        "Name": "minecraft:brown_mushroom_block",
        "Properties": {
          "down": "true",
          "east": "true",
          "north": "true",
          "south": "true",
          "up": "true",
          "west": "true"
        }
      }
    },
    "force_dirt": false,
    "ignore_vines": true,
    "minimum_size": {
      "type": "minecraft:two_layers_feature_size",
      "limit": 0,
      "lower_size": 0,
      "upper_size": 0
    },
    "trunk_placer": {
      "type": "minecraft:cherry_trunk_placer",
      "base_height": 6,
      "branch_count": {
        "type": "minecraft:weighted_list",
        "distribution": [
          {
            "data": 2,
            "weight": 2
          },
          {
            "data": 3,
            "weight": 5
          }
        ]
      },
      "branch_end_offset_from_top": {
        "type": "minecraft:uniform",
        "max_inclusive": 0,
        "min_inclusive": -2
      },
      "branch_horizontal_length": {
        "type": "minecraft:biased_to_bottom",
        "max_inclusive": 5,
        "min_inclusive": 3
      },
      "branch_start_offset_from_top": {
        "max_inclusive": -5,
        "min_inclusive": -6
      },
      "height_rand_a": 2,
      "height_rand_b": 3
    },
    "trunk_provider": {
      "type": "minecraft:simple_state_provider",
      "state": {
        "Name": "minecraft:mushroom_stem",
        "Properties": {
          "down": "true",
          "east": "true",
          "north": "true",
          "south": "true",
          "up": "true",
          "west": "true"
        }
      }
    }
  }
}