{
  "type": "minecraft:simple_block",
  "config": {
    "schedule_tick": true,
    "to_place": {
      "type": "minecraft:weighted_state_provider",
      "entries": [
        {
          "data": {
            "Name": "minecraft:warped_roots"
          },
          "weight": 3
        },
        {
          "data": {
            "Name": "minecraft:crimson_fungus"
          },
          "weight": 3
        },
        {
          "data": {
            "Name": "minecraft:crimson_roots"
          },
          "weight": 20
        }
      ]
    }
  }
}