{
  "type": "minecraft:vegetation_patch",
  "config": {
    "depth": 1,
    "extra_bottom_block_chance": 0.0,
    "extra_edge_column_chance": 0.75,
    "ground_state": {
      "type": "minecraft:simple_state_provider",
      "state": {
        "Name": "minecraft:moss_block"
      }
    },
    "replaceable": "#cavernouslite:moss_block",
    "surface": "floor",
    "vegetation_chance": 0.5,
    "vegetation_feature": {
      "feature": "cavernouslite:fungal_moss_vegetation",
      "placement": [
        {
          "type": "minecraft:block_predicate_filter",
          "predicate": {
            "type": "minecraft:would_survive",
            "state": {
              "Name": "minecraft:short_grass"
            }
          }
        },
        {
          "type": "minecraft:block_predicate_filter",
          "predicate": {
            "type": "minecraft:matching_blocks",
            "blocks": "minecraft:air"
          }
        }
      ]
    },
    "vertical_range": 6,
    "xz_radius": {
      "type": "minecraft:uniform",
      "max_inclusive": 3,
      "min_inclusive": 2
    }
  }
}