{
  "type": "minecraft:simple_block",
  "config": {
    "schedule_tick": true,
    "to_place": {
      "type": "minecraft:weighted_state_provider",
      "entries": [
        {
          "data": {
            "Name": "minecraft:moss_carpet"
          },
          "weight": 2
        },
        {
          "data": {
            "Name": "minecraft:fern"
          },
          "weight": 2
        },
        {
          "data": {
            "Name": "minecraft:short_grass"
          },
          "weight": 12
        },
        {
          "data": {
            "Name": "minecraft:red_mushroom"
          },
          "weight": 2
        },
        {
          "data": {
            "Name": "minecraft:brown_mushroom"
          },
          "weight": 2
        }
      ]
    }
  }
}