{
  "type": "minecraft:tree",
  "config": {
    "decorators": [],
    "dirt_provider": {
      "type": "minecraft:simple_state_provider",
      "state": {
        "Name": "minecraft:sand"
      }
    },
    "foliage_placer": {
      "type": "minecraft:acacia_foliage_placer",
      "offset": 0,
      "radius": 0
    },
    "foliage_provider": {
      "type": "minecraft:simple_state_provider",
      "state": {
        "Name": "minecraft:air"
      }
    },
    "force_dirt": false,
    "ignore_vines": true,
    "minimum_size": {
      "type": "minecraft:two_layers_feature_size",
      "limit": 0,
      "lower_size": 0,
      "upper_size": 0
    },
    "trunk_placer": {
      "type": "minecraft:upwards_branching_trunk_placer",
      "base_height": 5,
      "can_grow_through": "#minecraft:air",
      "extra_branch_length": {
        "type": "minecraft:uniform",
        "max_inclusive": 4,
        "min_inclusive": 3
      },
      "extra_branch_steps": {
        "type": "minecraft:uniform",
        "max_inclusive": 4,
        "min_inclusive": 3
      },
      "height_rand_a": 3,
      "height_rand_b": 0,
      "place_branch_per_log_probability": 0.5
    },
    "trunk_provider": {
      "type": "minecraft:simple_state_provider",
      "state": {
        "Name": "minecraft:oak_wood",
        "Properties": {
          "axis": "y"
        }
      }
    }
  }
}