{
  "type": "minecraft:tree",
  "config": {
    "decorators": [
      {
        "type": "minecraft:attached_to_leaves",
        "block_provider": {
          "type": "minecraft:simple_state_provider",
          "state": {
            "Name": "minecraft:sand"
          }
        },
        "directions": [
          "up"
        ],
        "exclusion_radius_xz": 0,
        "exclusion_radius_y": 0,
        "probability": 1.0,
        "required_empty_blocks": 1
      },
      {
        "type": "minecraft:alter_ground",
        "provider": {
          "type": "minecraft:simple_state_provider",
          "state": {
            "Name": "minecraft:terracotta"
          }
        }
      }
    ],
    "dirt_provider": {
      "type": "minecraft:simple_state_provider",
      "state": {
        "Name": "minecraft:terracotta"
      }
    },
    "foliage_placer": {
      "type": "minecraft:random_spread_foliage_placer",
      "foliage_height": {
        "type": "minecraft:uniform",
        "max_inclusive": 2,
        "min_inclusive": 1
      },
      "leaf_placement_attempts": 256,
      "offset": 0,
      "radius": 1
    },
    "foliage_provider": {
      "type": "minecraft:simple_state_provider",
      "state": {
        "Name": "minecraft:red_sandstone"
      }
    },
    "force_dirt": false,
    "ignore_vines": true,
    "minimum_size": {
      "type": "minecraft:two_layers_feature_size",
      "limit": 0,
      "lower_size": 0,
      "upper_size": 0
    },
    "trunk_placer": {
      "type": "minecraft:straight_trunk_placer",
      "base_height": 2,
      "height_rand_a": 3,
      "height_rand_b": 0
    },
    "trunk_provider": {
      "type": "minecraft:simple_state_provider",
      "state": {
        "Name": "minecraft:terracotta"
      }
    }
  }
}