{
  "type": "minecraft:block_column",
  "config": {
    "allowed_placement": {
      "type": "minecraft:matching_blocks",
      "blocks": [
        "minecraft:air",
        "minecraft:water",
        "minecraft:ice"
      ]
    },
    "direction": "down",
    "layers": [
      {
        "height": {
          "type": "minecraft:uniform",
          "max_inclusive": 5,
          "min_inclusive": 3
        },
        "provider": {
          "type": "minecraft:simple_state_provider",
          "state": {
            "Name": "minecraft:blue_ice"
          }
        }
      },
      {
        "height": {
          "type": "minecraft:biased_to_bottom",
          "max_inclusive": 3,
          "min_inclusive": 2
        },
        "provider": {
          "type": "minecraft:simple_state_provider",
          "state": {
            "Name": "minecraft:packed_ice"
          }
        }
      },
      {
        "height": {
          "type": "minecraft:biased_to_bottom",
          "max_inclusive": 25,
          "min_inclusive": 20
        },
        "provider": {
          "type": "minecraft:simple_state_provider",
          "state": {
            "Name": "minecraft:ice"
          }
        }
      }
    ],
    "prioritize_tip": false
  }
}