{
  "type": "minecraft:random_patch",
  "config": {
    "feature": {
      "feature": "cavernouslite:jungle_vegetation",
      "placement": [
        {
          "type": "minecraft:block_predicate_filter",
          "predicate": {
            "type": "minecraft:would_survive",
            "state": {
              "Name": "minecraft:short_grass"
            }
          }
        },
        {
          "type": "minecraft:block_predicate_filter",
          "predicate": {
            "type": "minecraft:matching_blocks",
            "blocks": "minecraft:air"
          }
        }
      ]
    },
    "tries": 300,
    "xz_spread": 7,
    "y_spread": 3
  }
}