{
  "type": "minecraft:tree",
  "config": {
    "decorators": [],
    "dirt_provider": {
      "type": "minecraft:simple_state_provider",
      "state": {
        "Name": "minecraft:dirt"
      }
    },
    "foliage_placer": {
      "type": "minecraft:cherry_foliage_placer",
      "corner_hole_chance": 0.001,
      "hanging_leaves_chance": 0.5,
      "hanging_leaves_extension_chance": 0.25,
      "height": 4,
      "offset": 1,
      "radius": 2,
      "wide_bottom_layer_hole_chance": 0.001
    },
    "foliage_provider": {
      "type": "minecraft:simple_state_provider",
      "state": {
        "Name": "minecraft:acacia_leaves",
        "Properties": {
          "distance": "7",
          "persistent": "false",
          "waterlogged": "false"
        }
      }
    },
    "force_dirt": false,
    "ignore_vines": false,
    "minimum_size": {
      "type": "minecraft:two_layers_feature_size",
      "limit": 0,
      "lower_size": 0,
      "upper_size": 0
    },
    "trunk_placer": {
      "type": "minecraft:upwards_branching_trunk_placer",
      "base_height": 4,
      "can_grow_through": "#cavernouslite:jungle_branch_can_grow_through",
      "extra_branch_length": {
        "type": "minecraft:uniform",
        "max_inclusive": 5,
        "min_inclusive": 2
      },
      "extra_branch_steps": {
        "type": "minecraft:uniform",
        "max_inclusive": 5,
        "min_inclusive": 2
      },
      "height_rand_a": 1,
      "height_rand_b": 5,
      "place_branch_per_log_probability": 0.5
    },
    "trunk_provider": {
      "type": "minecraft:simple_state_provider",
      "state": {
        "Name": "minecraft:stripped_mangrove_log",
        "Properties": {
          "axis": "y"
        }
      }
    }
  }
}