{
  "type": "minecraft:tree",
  "config": {
    "decorators": [
      {
        "type": "minecraft:leave_vine",
        "probability": 0.2
      },
      {
        "type": "minecraft:trunk_vine"
      }
    ],
    "dirt_provider": {
      "type": "minecraft:simple_state_provider",
      "state": {
        "Name": "minecraft:dirt"
      }
    },
    "foliage_placer": {
      "type": "minecraft:cherry_foliage_placer",
      "corner_hole_chance": 0.001,
      "hanging_leaves_chance": 0.55,
      "hanging_leaves_extension_chance": 0.5,
      "height": 5,
      "offset": 0,
      "radius": 3,
      "wide_bottom_layer_hole_chance": 0.001
    },
    "foliage_provider": {
      "type": "minecraft:simple_state_provider",
      "state": {
        "Name": "minecraft:azalea_leaves",
        "Properties": {
          "distance": "7",
          "persistent": "false",
          "waterlogged": "false"
        }
      }
    },
    "force_dirt": false,
    "ignore_vines": false,
    "minimum_size": {
      "type": "minecraft:two_layers_feature_size",
      "limit": 0,
      "lower_size": 0,
      "upper_size": 0
    },
    "trunk_placer": {
      "type": "minecraft:upwards_branching_trunk_placer",
      "base_height": 3,
      "can_grow_through": "#cavernouslite:jungle_branch_can_grow_through",
      "extra_branch_length": 0,
      "extra_branch_steps": 1,
      "height_rand_a": 3,
      "height_rand_b": 6,
      "place_branch_per_log_probability": 0.0
    },
    "trunk_provider": {
      "type": "minecraft:simple_state_provider",
      "state": {
        "Name": "minecraft:mangrove_log",
        "Properties": {
          "axis": "y"
        }
      }
    }
  }
}