{
  "type": "minecraft:waterlogged_vegetation_patch",
  "config": {
    "depth": 1,
    "extra_bottom_block_chance": 0.0,
    "extra_edge_column_chance": 0.35,
    "ground_state": {
      "type": "minecraft:simple_state_provider",
      "state": {
        "Name": "minecraft:magma_block"
      }
    },
    "replaceable": "#cavernouslite:magma",
    "surface": "floor",
    "vegetation_chance": 1.0,
    "vegetation_feature": {
      "feature": {
        "type": "minecraft:simple_block",
        "config": {
          "to_place": {
            "type": "minecraft:simple_state_provider",
            "state": {
              "Name": "minecraft:lava",
              "Properties": {
                "level": "0"
              }
            }
          }
        }
      },
      "placement": []
    },
    "vertical_range": 5,
    "xz_radius": {
      "type": "minecraft:uniform",
      "max_inclusive": 6,
      "min_inclusive": 2
    }
  }
}