{
  "type": "minecraft:waterlogged_vegetation_patch",
  "config": {
    "depth": 2,
    "extra_bottom_block_chance": 0.8,
    "extra_edge_column_chance": 0.55,
    "ground_state": {
      "type": "minecraft:simple_state_provider",
      "state": {
        "Name": "minecraft:mud"
      }
    },
    "replaceable": "#cavernouslite:mud",
    "surface": "floor",
    "vegetation_chance": 0.35,
    "vegetation_feature": {
      "feature": {
        "type": "minecraft:random_selector",
        "config": {
          "default": {
            "feature": "cavernouslite:small_dripleaf",
            "placement": []
          },
          "features": [
            {
              "chance": 0.3,
              "feature": {
                "feature": "cavernouslite:big_dripleaf",
                "placement": []
              }
            }
          ]
        }
      },
      "placement": []
    },
    "vertical_range": 5,
    "xz_radius": {
      "type": "minecraft:uniform",
      "max_inclusive": 2,
      "min_inclusive": 1
    }
  }
}