{
  "type": "minecraft:random_boolean_selector",
  "config": {
    "feature_false": {
      "feature": {
        "type": "minecraft:random_boolean_selector",
        "config": {
          "feature_false": {
            "feature": {
              "type": "minecraft:simple_block",
              "config": {
                "to_place": {
                  "type": "minecraft:simple_state_provider",
                  "state": {
                    "Name": "minecraft:small_dripleaf",
                    "Properties": {
                      "facing": "west",
                      "half": "lower",
                      "waterlogged": "false"
                    }
                  }
                }
              }
            },
            "placement": []
          },
          "feature_true": {
            "feature": {
              "type": "minecraft:simple_block",
              "config": {
                "to_place": {
                  "type": "minecraft:simple_state_provider",
                  "state": {
                    "Name": "minecraft:small_dripleaf",
                    "Properties": {
                      "facing": "east",
                      "half": "lower",
                      "waterlogged": "false"
                    }
                  }
                }
              }
            },
            "placement": []
          }
        }
      },
      "placement": []
    },
    "feature_true": {
      "feature": {
        "type": "minecraft:random_boolean_selector",
        "config": {
          "feature_false": {
            "feature": {
              "type": "minecraft:simple_block",
              "config": {
                "to_place": {
                  "type": "minecraft:simple_state_provider",
                  "state": {
                    "Name": "minecraft:small_dripleaf",
                    "Properties": {
                      "facing": "south",
                      "half": "lower",
                      "waterlogged": "false"
                    }
                  }
                }
              }
            },
            "placement": []
          },
          "feature_true": {
            "feature": {
              "type": "minecraft:simple_block",
              "config": {
                "to_place": {
                  "type": "minecraft:simple_state_provider",
                  "state": {
                    "Name": "minecraft:small_dripleaf",
                    "Properties": {
                      "facing": "north",
                      "half": "lower",
                      "waterlogged": "false"
                    }
                  }
                }
              }
            },
            "placement": []
          }
        }
      },
      "placement": []
    }
  }
}