{
  "type": "minecraft:ore",
  "config": {
    "discard_chance_on_air_exposure": 0.5,
    "size": 17,
    "targets": [
      {
        "state": {
          "Name": "minecraft:coal_ore"
        },
        "target": {
          "predicate_type": "minecraft:tag_match",
          "tag": "cavernouslite:stone_ore_replaceable_underground"
        }
      },
      {
        "state": {
          "Name": "minecraft:deepslate_coal_ore"
        },
        "target": {
          "predicate_type": "minecraft:tag_match",
          "tag": "cavernouslite:deepslate_ore_replaceable_underground"
        }
      }
    ]
  }
}