{
  "feature": "cavernouslite:arid_vegetation_patch",
  "placement": [
    {
      "type": "minecraft:count",
      "count": 100
    },
    {
      "type": "minecraft:in_square"
    },
    {
      "type": "minecraft:height_range",
      "height": {
        "type": "minecraft:uniform",
        "max_inclusive": {
          "absolute": 256
        },
        "min_inclusive": {
          "above_bottom": 0
        }
      }
    },
    {
      "type": "minecraft:environment_scan",
      "direction_of_search": "down",
      "max_steps": 24,
      "target_condition": {
        "type": "minecraft:matching_blocks",
        "blocks": "minecraft:air"
      }
    },
    {
      "type": "minecraft:biome"
    }
  ]
}