{
  "feature": "cavernouslite:diamond_extra",
  "placement": [
    {
      "type": "minecraft:count",
      "count": 7
    },
    {
      "type": "minecraft:rarity_filter",
      "chance": 2
    },
    {
      "type": "minecraft:in_square"
    },
    {
      "type": "minecraft:height_range",
      "height": {
        "type": "minecraft:biased_to_bottom",
        "max_inclusive": {
          "absolute": 0
        },
        "min_inclusive": {
          "above_bottom": 4
        }
      }
    },
    {
      "type": "minecraft:biome"
    }
  ]
}