{
  "feature": "cavernouslite:flipped_shroom_cap",
  "placement": [
    {
      "type": "minecraft:count",
      "count": 170
    },
    {
      "type": "minecraft:count",
      "count": 120
    },
    {
      "type": "minecraft:in_square"
    },
    {
      "type": "minecraft:height_range",
      "height": {
        "type": "minecraft:uniform",
        "max_inclusive": {
          "absolute": 256
        },
        "min_inclusive": {
          "above_bottom": 0
        }
      }
    },
    {
      "type": "minecraft:environment_scan",
      "direction_of_search": "up",
      "max_steps": 32,
      "target_condition": {
        "type": "minecraft:all_of",
        "predicates": [
          {
            "type": "minecraft:matching_blocks",
            "blocks": "minecraft:red_concrete"
          },
          {
            "type": "minecraft:matching_blocks",
            "blocks": "minecraft:mushroom_stem",
            "offset": [
              0,
              1,
              0
            ]
          }
        ]
      }
    },
    {
      "type": "minecraft:biome"
    }
  ]
}