{
  "feature": "cavernouslite:flipped_shroom_stem",
  "placement": [
    {
      "type": "minecraft:count",
      "count": 12
    },
    {
      "type": "minecraft:in_square"
    },
    {
      "type": "minecraft:height_range",
      "height": {
        "type": "minecraft:uniform",
        "max_inclusive": {
          "absolute": 256
        },
        "min_inclusive": {
          "above_bottom": 0
        }
      }
    },
    {
      "type": "minecraft:environment_scan",
      "allowed_search_condition": {
        "type": "minecraft:all_of",
        "predicates": [
          {
            "type": "minecraft:matching_blocks",
            "blocks": "minecraft:air"
          },
          {
            "type": "minecraft:not",
            "predicate": {
              "type": "minecraft:matching_blocks",
              "blocks": [
                "minecraft:red_mushroom_block",
                "minecraft:brown_mushroom_block"
              ],
              "offset": [
                0,
                1,
                0
              ]
            }
          }
        ]
      },
      "direction_of_search": "up",
      "max_steps": 24,
      "target_condition": {
        "type": "minecraft:solid"
      }
    },
    {
      "type": "minecraft:random_offset",
      "xz_spread": 0,
      "y_spread": -1
    },
    {
      "type": "minecraft:biome"
    }
  ]
}