{
  "feature": "cavernouslite:glowshroom",
  "placement": [
    {
      "type": "minecraft:count",
      "count": 7
    },
    {
      "type": "minecraft:in_square"
    },
    {
      "type": "minecraft:height_range",
      "height": {
        "type": "minecraft:uniform",
        "max_inclusive": {
          "absolute": 256
        },
        "min_inclusive": {
          "above_bottom": 0
        }
      }
    },
    {
      "type": "minecraft:environment_scan",
      "direction_of_search": "down",
      "max_steps": 24,
      "target_condition": {
        "type": "minecraft:would_survive",
        "state": {
          "Name": "minecraft:red_mushroom"
        }
      }
    },
    {
      "type": "minecraft:biome"
    }
  ]
}