{
  "feature": "cavernouslite:jungle_tree_red",
  "placement": [
    {
      "type": "minecraft:count",
      "count": 20
    },
    {
      "type": "minecraft:in_square"
    },
    {
      "type": "minecraft:height_range",
      "height": {
        "type": "minecraft:uniform",
        "max_inclusive": {
          "absolute": 256
        },
        "min_inclusive": {
          "above_bottom": 0
        }
      }
    },
    {
      "type": "minecraft:environment_scan",
      "direction_of_search": "down",
      "max_steps": 24,
      "target_condition": {
        "type": "minecraft:would_survive",
        "state": {
          "Name": "minecraft:mangrove_propagule",
          "Properties": {
            "age": "0",
            "hanging": "false",
            "stage": "0",
            "waterlogged": "false"
          }
        }
      }
    },
    {
      "type": "minecraft:biome"
    }
  ]
}