{"processors":[{"processor_type":"minecraft:rule","rules":[{"location_predicate":{"predicate_type":"minecraft:block_match","block":"minecraft:sand"},"input_predicate":{"predicate_type":"minecraft:block_match","block":"minecraft:grass_block"},"output_state":{"Name":"minecraft:sand"}},{"location_predicate":{"predicate_type":"minecraft:block_match","block":"minecraft:stone"},"input_predicate":{"predicate_type":"minecraft:block_match","block":"minecraft:grass_block"},"output_state":{"Name":"minecraft:stone"}},{"location_predicate":{"predicate_type":"minecraft:block_match","block":"minecraft:terracotta"},"input_predicate":{"predicate_type":"minecraft:block_match","block":"minecraft:grass_block"},"output_state":{"Name":"minecraft:terracotta"}}]}]} 
